{
    "backgroundColor": [
        0.1324191689491272,
        0.2880723476409912,
        0.324840784072876,
        1.0000001192092896
    ],
    "bloom_intensity": 0.6800000071525574,
    "burnin_intensity": 0.9428600072860718,
    "colorshift_intensity": 0.0,
    "curvature_intensity": 0.019999999552965164,
    "font": "SourceCodePro-Regular",
    "fontSize": 21.0,
    "jitter_intensity": 2.0,
    "pixel_width": 5000.0,
    "pixelation_intensity": 0.10999999940395355,
    "rainbow": true,
    "scanline_intensity": 0.12999999523162842,
    "shader_toggle": true,
    "splitPos": 0.23280423879623413,
    "static_intensity": 0.2930000126361847,
    "theme": "default",
    "themes": {
        "default": {
            "background": [
                0.2,
                0.2,
                0.2,
                1.0
            ],
            "comment": [
                0.4565933346748352,
                0.4565933346748352,
                0.4565933346748352,
                0.8999999761581421
            ],
            "function": [
                0.6752017140388489,
                0.3185149133205414,
                0.7726563811302185,
                1.0
            ],
            "keyword": [
                0.0,
                0.5786033272743225,
                0.9643363952636719,
                1.0
            ],
            "number": [
                0.6439791321754456,
                0.3536583185195923,
                0.7698838710784912,
                1.0
            ],
            "string": [
                0.08516374975442886,
                0.6660587787628174,
                0.6660587787628174,
                1.0
            ],
            "text": [
                0.8443769216537476,
                0.8033130168914795,
                0.8033130168914795,
                1.0
            ],
            "type": [
                0.6007077097892761,
                0.7665653228759766,
                0.44595927000045776,
                1.0
            ],
            "variable": [
                0.3506303131580353,
                0.7735447883605957,
                0.8863282203674316,
                1.0
            ]
        }
    },
    "treesitter": true,
    "vignet_intensity": 0.12999999523162842
}
