{
    "backgroundColor": [
        0.22512662410736084,
        1.0,
        0.8610411286354065,
        0.30000001192092896
    ],
    "font": "SourceCodePro-Regular",
    "fontSize": 19.0,
    "rainbow": true,
    "shader_toggle": false,
    "splitPos": 0.33890846371650696,
    "theme": "default",
    "themes": {
        "default": {
            "attribute": [
                0.9,
                0.7,
                0.3,
                1.0
            ],
            "background": [
                0.2,
                0.2,
                0.2,
                1.0
            ],
            "bold": [
                1.0,
                0.8,
                0.2,
                1.0
            ],
            "code_block": [
                0.8,
                0.8,
                0.8,
                1.0
            ],
            "comment": [
                0.636978030204773,
                0.636978030204773,
                0.636978030204773,
                0.8999999761581421
            ],
            "function": [
                0.31557172536849976,
                0.47310322523117065,
                0.7082066535949707,
                1.0
            ],
            "heading": [
                0.0,
                0.7,
                0.9,
                1.0
            ],
            "inline_code": [
                0.7,
                0.7,
                0.7,
                1.0
            ],
            "italic": [
                0.6,
                0.9,
                0.6,
                1.0
            ],
            "key": [
                0.9,
                0.6,
                0.4,
                1.0
            ],
            "keyword": [
                0.1253066062927246,
                0.5839836597442627,
                0.8897669911384583,
                1.0
            ],
            "link": [
                0.4,
                0.6,
                1.0,
                1.0
            ],
            "number": [
                0.6751523613929749,
                0.3035675585269928,
                0.836298942565918,
                1.0
            ],
            "property": [
                0.6,
                0.9,
                0.4,
                1.0
            ],
            "selector": [
                0.9,
                0.4,
                0.6,
                1.0
            ],
            "string": [
                0.14214672148227692,
                0.763323187828064,
                0.763323187828064,
                1.0
            ],
            "tag": [
                0.3,
                0.7,
                0.9,
                1.0
            ],
            "text": [
                1.0,
                1.0,
                1.0,
                1.0
            ],
            "type": [
                0.6007077097892761,
                0.7665653228759766,
                0.44595927000045776,
                1.0
            ],
            "value": [
                0.4,
                0.6,
                0.9,
                1.0
            ],
            "variable": [
                0.9481256604194641,
                0.8477088809013367,
                0.6130635738372803,
                1.0
            ]
        },
        "monokai": {
            "attribute": [
                0.98,
                0.58,
                0.98,
                1.0
            ],
            "background": [
                0.12,
                0.12,
                0.12,
                1.0
            ],
            "bold": [
                1.0,
                0.8,
                0.2,
                1.0
            ],
            "code_block": [
                0.8,
                0.8,
                0.8,
                1.0
            ],
            "comment": [
                0.4,
                0.4,
                0.4,
                1.0
            ],
            "heading": [
                0.0,
                0.7,
                0.9,
                1.0
            ],
            "inline_code": [
                0.7,
                0.7,
                0.7,
                1.0
            ],
            "italic": [
                0.6,
                0.9,
                0.6,
                1.0
            ],
            "key": [
                0.98,
                0.58,
                0.98,
                1.0
            ],
            "keyword": [
                0.98,
                0.58,
                0.98,
                1.0
            ],
            "link": [
                0.4,
                0.6,
                1.0,
                1.0
            ],
            "number": [
                0.97,
                0.57,
                0.0,
                1.0
            ],
            "property": [
                0.6,
                0.9,
                0.6,
                1.0
            ],
            "selector": [
                0.0,
                0.9,
                0.8,
                1.0
            ],
            "string": [
                0.87,
                0.87,
                0.0,
                1.0
            ],
            "tag": [
                0.3,
                0.7,
                0.9,
                1.0
            ],
            "text": [
                0.97,
                0.97,
                0.97,
                1.0
            ],
            "value": [
                0.87,
                0.87,
                0.0,
                1.0
            ]
        },
        "solarized_dark": {
            "attribute": [
                0.52,
                0.6,
                0.0,
                1.0
            ],
            "background": [
                0.0,
                0.17,
                0.21,
                1.0
            ],
            "bold": [
                0.65,
                0.16,
                0.16,
                1.0
            ],
            "code_block": [
                0.58,
                0.63,
                0.63,
                1.0
            ],
            "comment": [
                0.35,
                0.43,
                0.46,
                1.0
            ],
            "heading": [
                0.15,
                0.55,
                0.82,
                1.0
            ],
            "inline_code": [
                0.58,
                0.63,
                0.63,
                1.0
            ],
            "italic": [
                0.58,
                0.63,
                0.63,
                1.0
            ],
            "key": [
                0.71,
                0.54,
                0.0,
                1.0
            ],
            "keyword": [
                0.71,
                0.54,
                0.0,
                1.0
            ],
            "link": [
                0.15,
                0.55,
                0.82,
                1.0
            ],
            "number": [
                0.16,
                0.63,
                0.6,
                1.0
            ],
            "property": [
                0.52,
                0.6,
                0.0,
                1.0
            ],
            "selector": [
                0.71,
                0.54,
                0.0,
                1.0
            ],
            "string": [
                0.16,
                0.63,
                0.6,
                1.0
            ],
            "tag": [
                0.71,
                0.54,
                0.0,
                1.0
            ],
            "text": [
                0.51,
                0.58,
                0.59,
                1.0
            ],
            "value": [
                0.16,
                0.63,
                0.6,
                1.0
            ]
        }
    }
}
