{
    "backgroundColor": [
        0.08282110095024109,
        0.14972847700119019,
        0.1171831414103508,
        1.0000001192092896
    ],
    "font": "SourceCodePro-Regular",
    "fontSize": 25.0,
    "rainbow": true,
    "shader_toggle": true,
    "splitPos": 0.2332746535539627,
    "theme": "default",
    "themes": {
        "default": {
            "background": [
                0.2,
                0.2,
                0.2,
                1.0
            ],
            "comment": [
                0.636978030204773,
                0.636978030204773,
                0.636978030204773,
                0.8999999761581421
            ],
            "function": [
                0.5477967858314514,
                0.14009250700473785,
                0.6591899394989014,
                1.0
            ],
            "keyword": [
                0.0,
                0.5786033272743225,
                0.9643363952636719,
                1.0
            ],
            "number": [
                0.6751523613929749,
                0.3035675585269928,
                0.836298942565918,
                1.0
            ],
            "string": [
                0.14214672148227692,
                0.763323187828064,
                0.763323187828064,
                1.0
            ],
            "text": [
                1.0,
                1.0,
                1.0,
                1.0
            ],
            "type": [
                0.6007077097892761,
                0.7665653228759766,
                0.44595927000045776,
                1.0
            ],
            "variable": [
                0.9481256604194641,
                0.8477088809013367,
                0.6130635738372803,
                1.0
            ]
        }
    },
    "treesitter": true
}
