{
    "backgroundColor": [
        0.19980338215827942,
        0.6517857313156128,
        0.5707312226295471,
        0.30000001192092896
    ],
    "font": "SourceCodePro-Regular",
    "fontSize": 20.0,
    "rainbow": true,
    "shader_toggle": true,
    "splitPos": 0.21214789152145386,
    "theme": "default",
    "themes": {
        "default": {
            "attribute": [
                0.9,
                0.7,
                0.3,
                1.0
            ],
            "background": [
                0.2,
                0.2,
                0.2,
                1.0
            ],
            "bold": [
                1.0,
                0.8,
                0.2,
                1.0
            ],
            "code_block": [
                0.8,
                0.8,
                0.8,
                1.0
            ],
            "comment": [
                0.4008810520172119,
                0.4008810520172119,
                0.4008810520172119,
                0.8999999761581421
            ],
            "function": [
                0.8720238208770752,
                0.7227935791015625,
                0.4541791081428528,
                1.0
            ],
            "heading": [
                0.0,
                0.7,
                0.9,
                1.0
            ],
            "inline_code": [
                0.7,
                0.7,
                0.7,
                1.0
            ],
            "italic": [
                0.6,
                0.9,
                0.6,
                1.0
            ],
            "key": [
                0.9,
                0.6,
                0.4,
                1.0
            ],
            "keyword": [
                0.14396628737449646,
                0.5708910822868347,
                0.8555065989494324,
                1.0
            ],
            "link": [
                0.4,
                0.6,
                1.0,
                1.0
            ],
            "number": [
                0.6751523613929749,
                0.3035675585269928,
                0.836298942565918,
                1.0
            ],
            "property": [
                0.6,
                0.9,
                0.4,
                1.0
            ],
            "selector": [
                0.9,
                0.4,
                0.6,
                1.0
            ],
            "string": [
                0.0,
                0.800000011920929,
                0.800000011920929,
                1.0
            ],
            "tag": [
                0.3,
                0.7,
                0.9,
                1.0
            ],
            "text": [
                1.0,
                1.0,
                1.0,
                1.0
            ],
            "value": [
                0.4,
                0.6,
                0.9,
                1.0
            ]
        },
        "monokai": {
            "attribute": [
                0.98,
                0.58,
                0.98,
                1.0
            ],
            "background": [
                0.12,
                0.12,
                0.12,
                1.0
            ],
            "bold": [
                1.0,
                0.8,
                0.2,
                1.0
            ],
            "code_block": [
                0.8,
                0.8,
                0.8,
                1.0
            ],
            "comment": [
                0.4,
                0.4,
                0.4,
                1.0
            ],
            "heading": [
                0.0,
                0.7,
                0.9,
                1.0
            ],
            "inline_code": [
                0.7,
                0.7,
                0.7,
                1.0
            ],
            "italic": [
                0.6,
                0.9,
                0.6,
                1.0
            ],
            "key": [
                0.98,
                0.58,
                0.98,
                1.0
            ],
            "keyword": [
                0.98,
                0.58,
                0.98,
                1.0
            ],
            "link": [
                0.4,
                0.6,
                1.0,
                1.0
            ],
            "number": [
                0.97,
                0.57,
                0.0,
                1.0
            ],
            "property": [
                0.6,
                0.9,
                0.6,
                1.0
            ],
            "selector": [
                0.0,
                0.9,
                0.8,
                1.0
            ],
            "string": [
                0.87,
                0.87,
                0.0,
                1.0
            ],
            "tag": [
                0.3,
                0.7,
                0.9,
                1.0
            ],
            "text": [
                0.97,
                0.97,
                0.97,
                1.0
            ],
            "value": [
                0.87,
                0.87,
                0.0,
                1.0
            ]
        },
        "solarized_dark": {
            "attribute": [
                0.52,
                0.6,
                0.0,
                1.0
            ],
            "background": [
                0.0,
                0.17,
                0.21,
                1.0
            ],
            "bold": [
                0.65,
                0.16,
                0.16,
                1.0
            ],
            "code_block": [
                0.58,
                0.63,
                0.63,
                1.0
            ],
            "comment": [
                0.35,
                0.43,
                0.46,
                1.0
            ],
            "heading": [
                0.15,
                0.55,
                0.82,
                1.0
            ],
            "inline_code": [
                0.58,
                0.63,
                0.63,
                1.0
            ],
            "italic": [
                0.58,
                0.63,
                0.63,
                1.0
            ],
            "key": [
                0.71,
                0.54,
                0.0,
                1.0
            ],
            "keyword": [
                0.71,
                0.54,
                0.0,
                1.0
            ],
            "link": [
                0.15,
                0.55,
                0.82,
                1.0
            ],
            "number": [
                0.16,
                0.63,
                0.6,
                1.0
            ],
            "property": [
                0.52,
                0.6,
                0.0,
                1.0
            ],
            "selector": [
                0.71,
                0.54,
                0.0,
                1.0
            ],
            "string": [
                0.16,
                0.63,
                0.6,
                1.0
            ],
            "tag": [
                0.71,
                0.54,
                0.0,
                1.0
            ],
            "text": [
                0.51,
                0.58,
                0.59,
                1.0
            ],
            "value": [
                0.16,
                0.63,
                0.6,
                1.0
            ]
        }
    }
}
