{
    "backgroundColor": [
        0.06546975672245026,
        0.29243004322052,
        0.3515704274177551,
        1.0000001192092896
    ],
    "bloom_intensity": 0.699999988079071,
    "burnin_intensity": 0.9398199915885925,
    "colorshift_intensity": 1.25,
    "curvature_intensity": 0.07999999821186066,
    "font": "SourceCodePro-Regular",
    "fontSize": 22.0,
    "jitter_intensity": 1.1799999475479126,
    "pixel_width": 1500.0,
    "pixelation_intensity": 0.07999999821186066,
    "rainbow": true,
    "scanline_intensity": 0.10999999940395355,
    "shader_toggle": true,
    "splitPos": 0.2918871343135834,
    "static_intensity": 0.12300000339746475,
    "theme": "default",
    "themes": {
        "default": {
            "background": [
                0.2,
                0.2,
                0.2,
                1.0
            ],
            "comment": [
                0.4565933346748352,
                0.4565933346748352,
                0.4565933346748352,
                0.8999999761581421
            ],
            "function": [
                0.6752017140388489,
                0.3185149133205414,
                0.7726563811302185,
                1.0
            ],
            "keyword": [
                0.0,
                0.5786033272743225,
                0.9643363952636719,
                1.0
            ],
            "number": [
                0.6439791321754456,
                0.3536583185195923,
                0.7698838710784912,
                1.0
            ],
            "string": [
                0.08516374975442886,
                0.6660587787628174,
                0.6660587787628174,
                1.0
            ],
            "text": [
                0.8443769216537476,
                0.8033130168914795,
                0.8033130168914795,
                1.0
            ],
            "type": [
                0.6007077097892761,
                0.7665653228759766,
                0.44595927000045776,
                1.0
            ],
            "variable": [
                0.3506303131580353,
                0.7735447883605957,
                0.8863282203674316,
                1.0
            ]
        }
    },
    "treesitter": true,
    "vignet_intensity": 0.15000000596046448
}
