{
    "backgroundColor": [
        0.11470477283000946,
        0.28037402033805847,
        0.3235436677932739,
        1.0000001192092896
    ],
    "bloom_intensity": 0.33000001311302185,
    "colorshift_intensity": 1.2300000190734863,
    "curvature_intensity": 0.14000000059604645,
    "font": "SourceCodePro-Regular",
    "fontSize": 20.0,
    "jitter_intensity": 2.390000104904175,
    "rainbow": true,
    "scanline_intensity": 0.20000000298023224,
    "shader_toggle": true,
    "splitPos": 0.20282186567783356,
    "static_intensity": 0.17900000512599945,
    "theme": "default",
    "themes": {
        "default": {
            "background": [
                0.2,
                0.2,
                0.2,
                1.0
            ],
            "comment": [
                0.636978030204773,
                0.636978030204773,
                0.636978030204773,
                0.8999999761581421
            ],
            "function": [
                0.6752017140388489,
                0.3185149133205414,
                0.7726563811302185,
                1.0
            ],
            "keyword": [
                0.0,
                0.5786033272743225,
                0.9643363952636719,
                1.0
            ],
            "number": [
                0.6439791321754456,
                0.3536583185195923,
                0.7698838710784912,
                1.0
            ],
            "string": [
                0.14214672148227692,
                0.763323187828064,
                0.763323187828064,
                1.0
            ],
            "text": [
                1.0,
                1.0,
                1.0,
                1.0
            ],
            "type": [
                0.6007077097892761,
                0.7665653228759766,
                0.44595927000045776,
                1.0
            ],
            "variable": [
                0.9044954180717468,
                0.8525556921958923,
                0.48067665100097656,
                1.0
            ]
        }
    },
    "treesitter": true,
    "vignet_intensity": 0.2199999988079071
}
