{
    "agent_model": "anthropic/claude-3-5-haiku-20241022",
    "agent_pane_visible": true,
    "agent_split_pos": 0.24011299014091492,
    "ai_autocomplete": false,
    "backgroundColor": [
        0.1964285969734192,
        0.1370089054107666,
        0.0368303619325161,
        0.0
    ],
    "bloom_intensity": 0.9700000286102295,
    "burnin_intensity": 0.9139999747276306,
    "colorshift_intensity": 1.659999966621399,
    "completion_model": "meta-llama/llama-4-scout",
    "curvature_intensity": 0.0,
    "font": "SourceCodePro-Regular",
    "fontSize": 25.0,
    "fps_target": 59.0,
    "fps_target_unfocused": 30.0,
    "fps_toggle": true,
    "git_changed_lines": true,
    "jitter_intensity": 1.7100000381469727,
    "lsp_autocomplete": true,
    "mac_background_opacity": 0.6100000143051147,
    "mac_blur_enabled": true,
    "pixel_width": 5000.0,
    "pixelation_intensity": 0.289000004529953,
    "rainbow": true,
    "scanline_intensity": 0.10999999940395355,
    "shader_toggle": true,
    "sidebar_visible": true,
    "splitPos": 0.24250440299510956,
    "static_intensity": 0.28999999165534973,
    "theme": "default",
    "themes": {
        "default": {
            "background": [
                0.2,
                0.2,
                0.2,
                1.0
            ],
            "comment": [
                0.4565933346748352,
                0.4565933346748352,
                0.4565933346748352,
                0.8999999761581421
            ],
            "function": [
                0.9200000166893005,
                0.5175430178642273,
                0.05378462374210358,
                1.0
            ],
            "keyword": [
                0.7569230794906616,
                0.624571681022644,
                0.16768759489059448,
                1.0
            ],
            "number": [
                0.5276771187782288,
                0.25448518991470337,
                0.6461538076400757,
                1.0
            ],
            "string": [
                0.552171528339386,
                0.7784615755081177,
                0.050300583243370056,
                1.0
            ],
            "text": [
                0.6279761791229248,
                0.6167623400688171,
                0.6167623400688171,
                1.0
            ],
            "type": [
                0.8769230842590332,
                0.24689172208309174,
                0.08634316921234131,
                1.0
            ],
            "variable": [
                0.6738461256027222,
                0.2725623548030853,
                0.13269585371017456,
                1.0
            ]
        }
    },
    "treesitter": true,
    "vignet_intensity": 0.25
}
