{
    "backgroundColor": [
        0.1846153736114502,
        0.14210620522499084,
        0.07043786346912384,
        0.0
    ],
    "bloom_intensity": 0.10000000149011612,
    "burnin_intensity": 0.8999999761581421,
    "colorshift_intensity": 0.6700000166893005,
    "curvature_intensity": 0.0,
    "font": "NotoSansMono-Light",
    "fontSize": 24.0,
    "jitter_intensity": 0.0,
    "mac_background_opacity": 0.6299999952316284,
    "mac_blur_enabled": true,
    "pixel_width": 5000.0,
    "pixelation_intensity": 0.1420000046491623,
    "rainbow": true,
    "scanline_intensity": 0.20000000298023224,
    "shader_toggle": true,
    "splitPos": 0.3203410506248474,
    "static_intensity": 0.13699999451637268,
    "theme": "default",
    "themes": {
        "default": {
            "background": [
                0.2,
                0.2,
                0.2,
                1.0
            ],
            "comment": [
                0.4565933346748352,
                0.4565933346748352,
                0.4565933346748352,
                0.8999999761581421
            ],
            "function": [
                0.9200000166893005,
                0.5175430178642273,
                0.05378462374210358,
                1.0
            ],
            "keyword": [
                0.7569230794906616,
                0.624571681022644,
                0.16768759489059448,
                1.0
            ],
            "number": [
                0.6439791321754456,
                0.3536583185195923,
                0.7698838710784912,
                1.0
            ],
            "string": [
                0.552171528339386,
                0.7784615755081177,
                0.050300583243370056,
                1.0
            ],
            "text": [
                0.680115282535553,
                0.680115282535553,
                0.680115282535553,
                1.0
            ],
            "type": [
                0.8769230842590332,
                0.24689172208309174,
                0.08634316921234131,
                1.0
            ],
            "variable": [
                0.6738461256027222,
                0.2725623548030853,
                0.13269585371017456,
                1.0
            ]
        }
    },
    "treesitter": true,
    "vignet_intensity": 0.10000000149011612
}
