{
    "agent_model": "deepseek/deepseek-chat-v3-0324",
    "agent_pane_visible": false,
    "agent_split_pos": 0.3740755617618561,
    "ai_autocomplete": true,
    "backgroundColor": [
        0.25846153497695923,
        0.18769749999046326,
        0.06839288771152496,
        0.0
    ],
    "bloom_intensity": 0.10000000149011612,
    "burnin_intensity": 0.8999999761581421,
    "colorshift_intensity": 0.6700000166893005,
    "completion_model": "meta-llama/llama-4-scout",
    "curvature_intensity": 0.0,
    "font": "JetBrainsMonoNL-Regular",
    "fontSize": 25.0,
    "fps_target": 59.0,
    "fps_target_unfocused": 30.0,
    "fps_toggle": true,
    "git_changed_lines": true,
    "jitter_intensity": 0.0,
    "lsp_autocomplete": false,
    "mac_background_opacity": 0.6800000071525574,
    "mac_blur_enabled": true,
    "pixel_width": 5000.0,
    "pixelation_intensity": 0.22499999403953552,
    "rainbow": true,
    "scanline_intensity": 0.20000000298023224,
    "shader_toggle": true,
    "sidebar_visible": true,
    "splitPos": 0.24250440299510956,
    "static_intensity": 0.06499999761581421,
    "theme": "default",
    "themes": {
        "default": {
            "background": [
                0.2,
                0.2,
                0.2,
                1.0
            ],
            "comment": [
                0.4565933346748352,
                0.4565933346748352,
                0.4565933346748352,
                0.8999999761581421
            ],
            "function": [
                0.9200000166893005,
                0.5175430178642273,
                0.05378462374210358,
                1.0
            ],
            "keyword": [
                0.7569230794906616,
                0.624571681022644,
                0.16768759489059448,
                1.0
            ],
            "number": [
                0.5276771187782288,
                0.25448518991470337,
                0.6461538076400757,
                1.0
            ],
            "string": [
                0.552171528339386,
                0.7784615755081177,
                0.050300583243370056,
                1.0
            ],
            "text": [
                0.6279761791229248,
                0.6167623400688171,
                0.6167623400688171,
                1.0
            ],
            "type": [
                0.8769230842590332,
                0.24689172208309174,
                0.08634316921234131,
                1.0
            ],
            "variable": [
                0.6738461256027222,
                0.2725623548030853,
                0.13269585371017456,
                1.0
            ]
        }
    },
    "treesitter": true,
    "vignet_intensity": 0.10000000149011612
}
