{
    "ai_autocomplete": true,
    "agent_model": "deepseek/deepseek-chat-v3-0324",
    "backgroundColor": [
        0.0923076868057251,
        0.0923076868057251,
        0.0923076868057251,
        0.0
    ],
    "bloom_intensity": 1.0,
    "burnin_intensity": 0.9049999713897705,
    "colorshift_intensity": 0.0,
    "completion_model": "meta-llama/llama-4-scout",
    "curvature_intensity": 0.0,
    "font": "JetBrainsMonoNL-Regular",
    "fontSize": 25.0,
    "fps_target": 60.0,
    "fps_toggle": true,
    "git_changed_lines": true,
    "jitter_intensity": 0.0,
    "lsp_autocomplete": false,
    "mac_background_opacity": 0.5400000214576721,
    "mac_blur_enabled": true,
    "pixel_width": 5000.0,
    "pixelation_intensity": -0.04800000041723251,
    "rainbow": true,
    "scanline_intensity": 0.2800000011920929,
    "shader_toggle": true,
    "splitPos": 0.24220962822437286,
    "agent_split_pos": 0.75220962822437286,
    "static_intensity": 0.08699999749660492,
    "theme": "default",
    "themes": {
        "default": {
            "background": [
                0.2,
                0.2,
                0.2,
                1.0
            ],
            "comment": [
                0.4565933346748352,
                0.4565933346748352,
                0.4565933346748352,
                0.8999999761581421
            ],
            "function": [
                0.6752017140388489,
                0.3185149133205414,
                0.7726563811302185,
                1.0
            ],
            "keyword": [
                0.0,
                0.5786033272743225,
                0.9643363952636719,
                1.0
            ],
            "number": [
                0.6439791321754456,
                0.3536583185195923,
                0.7698838710784912,
                1.0
            ],
            "string": [
                0.08516374975442886,
                0.6660587787628174,
                0.6660587787628174,
                1.0
            ],
            "text": [
                0.680115282535553,
                0.680115282535553,
                0.680115282535553,
                1.0
            ],
            "type": [
                0.6007077097892761,
                0.7665653228759766,
                0.44595927000045776,
                1.0
            ],
            "variable": [
                0.3506303131580353,
                0.7735447883605957,
                0.8863282203674316,
                1.0
            ]
        }
    },
    "treesitter": true,
    "vignet_intensity": 0.18000000715255737,
    "sidebar_visible": true,
    "agent_pane_visible": true
}
