{
    "agent_pane_visible": true,
    "agent_split_pos": 0.704273521900177,
    "ai_autocomplete": true,
    "backgroundColor": [
        0.0923076868057251,
        0.0923076868057251,
        0.0923076868057251,
        0.0
    ],
    "bloom_intensity": 0.6299999952316284,
    "burnin_intensity": 0.949999988079071,
    "colorshift_intensity": 2.2100000381469727,
    "curvature_intensity": 0.05000000074505806,
    "font": "JetBrainsMonoNL-Regular",
    "fontSize": 20.0,
    "fps_target": 51.0,
    "fps_toggle": true,
    "git_changed_lines": true,
    "jitter_intensity": 2.509999990463257,
    "lsp_autocomplete": false,
    "mac_background_opacity": 0.6600000262260437,
    "mac_blur_enabled": true,
    "pixel_width": 5000.0,
    "pixelation_intensity": -0.01600000075995922,
    "rainbow": true,
    "scanline_intensity": 0.2199999988079071,
    "settings_file": "ned.json",
    "shader_toggle": false,
    "sidebar_visible": true,
    "splitPos": 0.13339222967624664,
    "static_intensity": 0.3970000147819519,
    "theme": "default",
    "themes": {
        "default": {
            "background": [
                0.2,
                0.2,
                0.2,
                1.0
            ],
            "comment": [
                0.4565933346748352,
                0.4565933346748352,
                0.4565933346748352,
                0.8999999761581421
            ],
            "function": [
                0.6752017140388489,
                0.3185149133205414,
                0.7726563811302185,
                1.0
            ],
            "keyword": [
                0.0,
                0.5786033272743225,
                0.9643363952636719,
                1.0
            ],
            "number": [
                0.6439791321754456,
                0.3536583185195923,
                0.7698838710784912,
                1.0
            ],
            "string": [
                0.08516374975442886,
                0.6660587787628174,
                0.6660587787628174,
                1.0
            ],
            "text": [
                0.680115282535553,
                0.680115282535553,
                0.680115282535553,
                1.0
            ],
            "type": [
                0.6007077097892761,
                0.7665653228759766,
                0.44595927000045776,
                1.0
            ],
            "variable": [
                0.3506303131580353,
                0.7735447883605957,
                0.8863282203674316,
                1.0
            ]
        }
    },
    "treesitter": true,
    "vignet_intensity": 0.17000000178813934
}
