{
    "backgroundColor": [
        0.0923076868057251,
        0.0923076868057251,
        0.0923076868057251,
        0.0
    ],
    "bloom_intensity": 0.8600000143051147,
    "burnin_intensity": 0.9049999713897705,
    "colorshift_intensity": 0.0,
    "curvature_intensity": 0.0,
    "font": "SourceCodePro-Regular",
    "fontSize": 22.0,
    "jitter_intensity": 0.0,
    "mac_background_opacity": 0.5899999737739563,
    "mac_blur_enabled": true,
    "pixel_width": 5000.0,
    "pixelation_intensity": -0.04800000041723251,
    "rainbow": true,
    "scanline_intensity": 0.1599999964237213,
    "settings_file": "ned.json",
    "shader_toggle": true,
    "splitPos": 0.24220962822437286,
    "static_intensity": 0.5,
    "theme": "default",
    "themes": {
        "default": {
            "background": [
                0.2,
                0.2,
                0.2,
                1.0
            ],
            "comment": [
                0.4565933346748352,
                0.4565933346748352,
                0.4565933346748352,
                0.8999999761581421
            ],
            "function": [
                0.6752017140388489,
                0.3185149133205414,
                0.7726563811302185,
                1.0
            ],
            "keyword": [
                0.0,
                0.5786033272743225,
                0.9643363952636719,
                1.0
            ],
            "number": [
                0.6439791321754456,
                0.3536583185195923,
                0.7698838710784912,
                1.0
            ],
            "string": [
                0.08516374975442886,
                0.6660587787628174,
                0.6660587787628174,
                1.0
            ],
            "text": [
                0.680115282535553,
                0.680115282535553,
                0.680115282535553,
                1.0
            ],
            "type": [
                0.6007077097892761,
                0.7665653228759766,
                0.44595927000045776,
                1.0
            ],
            "variable": [
                0.3506303131580353,
                0.7735447883605957,
                0.8863282203674316,
                1.0
            ]
        }
    },
    "treesitter": true,
    "vignet_intensity": 0.3499999940395355
}
