{
    "agent_model": "anthropic/claude-3-5-haiku-20241022",
    "agent_pane_visible": true,
    "agent_split_pos": 0.16949152946472168,
    "ai_autocomplete": false,
    "backgroundColor": [
        0.08917194604873657,
        0.08377619087696075,
        0.08377619087696075,
        0.0
    ],
    "bloom_intensity": 0.7699999809265137,
    "burnin_intensity": 0.8999999761581421,
    "colorshift_intensity": 0.0,
    "completion_model": "meta-llama/llama-4-scout",
    "curvature_intensity": 0.23999999463558197,
    "font": "SourceCodePro-Regular",
    "fontSize": 25.0,
    "fps_target": 57.0,
    "fps_target_unfocused": 30.0,
    "fps_toggle": true,
    "git_changed_lines": true,
    "jitter_intensity": 2.7200000286102295,
    "lsp_autocomplete": false,
    "mac_background_opacity": 0.6000000238418579,
    "mac_blur_enabled": true,
    "pixel_width": 5000.0,
    "pixelation_intensity": -0.31200000643730164,
    "rainbow": true,
    "scanline_intensity": 0.4099999964237213,
    "settings_file": "ned.json",
    "shader_toggle": false,
    "sidebar_visible": true,
    "splitPos": 0.20727482438087463,
    "static_intensity": 0.5,
    "theme": "default",
    "themes": {
        "default": {
            "background": [
                0.2,
                0.2,
                0.2,
                1.0
            ],
            "comment": [
                0.4565933346748352,
                0.4565933346748352,
                0.4565933346748352,
                0.8999999761581421
            ],
            "function": [
                0.6752017140388489,
                0.3185149133205414,
                0.7726563811302185,
                1.0
            ],
            "keyword": [
                0.0,
                0.5786033272743225,
                0.9643363952636719,
                1.0
            ],
            "number": [
                0.6439791321754456,
                0.3536583185195923,
                0.7698838710784912,
                1.0
            ],
            "string": [
                0.08516374975442886,
                0.6660587787628174,
                0.6660587787628174,
                1.0
            ],
            "text": [
                0.7292993664741516,
                0.7292993664741516,
                0.7292993664741516,
                1.0
            ],
            "type": [
                0.6007077097892761,
                0.7665653228759766,
                0.44595927000045776,
                1.0
            ],
            "variable": [
                0.3506303131580353,
                0.7735447883605957,
                0.8863282203674316,
                1.0
            ]
        }
    },
    "treesitter": true,
    "vignet_intensity": 0.25999999046325684
}
