{
    "agent_model": "google/gemini-2.5-flash-preview-05-20",
    "agent_pane_visible": false,
    "agent_split_pos": 0.3251075744628906,
    "ai_autocomplete": false,
    "backgroundColor": [
        0.0923076868057251,
        0.0923076868057251,
        0.0923076868057251,
        0.0
    ],
    "bloom_intensity": 0.7699999809265137,
    "burnin_intensity": 0.9380000233650208,
    "colorshift_intensity": 1.090000033378601,
    "completion_model": "meta-llama/llama-4-scout",
    "curvature_intensity": 0.0,
    "font": "SourceCodePro-Regular",
    "fontSize": 25.0,
    "fps_target": 57.0,
    "fps_target_unfocused": 30.0,
    "fps_toggle": true,
    "git_changed_lines": true,
    "jitter_intensity": 1.940000057220459,
    "lsp_autocomplete": false,
    "mac_background_opacity": 0.699999988079071,
    "mac_blur_enabled": true,
    "pixel_width": 5000.0,
    "pixelation_intensity": -0.31200000643730164,
    "rainbow": true,
    "scanline_intensity": 0.4099999964237213,
    "settings_file": "ned.json",
    "shader_toggle": false,
    "sidebar_visible": true,
    "splitPos": 0.2064327448606491,
    "static_intensity": 0.21199999749660492,
    "theme": "default",
    "themes": {
        "default": {
            "background": [
                0.2,
                0.2,
                0.2,
                1.0
            ],
            "comment": [
                0.4565933346748352,
                0.4565933346748352,
                0.4565933346748352,
                0.8999999761581421
            ],
            "function": [
                0.6752017140388489,
                0.3185149133205414,
                0.7726563811302185,
                1.0
            ],
            "keyword": [
                0.0,
                0.5786033272743225,
                0.9643363952636719,
                1.0
            ],
            "number": [
                0.6439791321754456,
                0.3536583185195923,
                0.7698838710784912,
                1.0
            ],
            "string": [
                0.08516374975442886,
                0.6660587787628174,
                0.6660587787628174,
                1.0
            ],
            "text": [
                0.7388535141944885,
                0.7388535141944885,
                0.7388535141944885,
                1.0
            ],
            "type": [
                0.6007077097892761,
                0.7665653228759766,
                0.44595927000045776,
                1.0
            ],
            "variable": [
                0.3506303131580353,
                0.7735447883605957,
                0.8863282203674316,
                1.0
            ]
        }
    },
    "treesitter": true,
    "vignet_intensity": 0.14000000059604645
}
