{
    "backgroundColor": [
        0.046655625104904175,
        0.19692307710647583,
        0.17611680924892426,
        0.0
    ],
    "bloom_intensity": 0.4399999976158142,
    "burnin_intensity": 0.8999999761581421,
    "colorshift_intensity": 0.0,
    "curvature_intensity": 0.0,
    "font": "SourceCodePro-Regular",
    "fontSize": 23.0,
    "jitter_intensity": 0.0,
    "lsp_autocomplete": false,
    "mac_background_opacity": 0.5899999737739563,
    "mac_blur_enabled": true,
    "pixel_width": 5000.0,
    "pixelation_intensity": -0.04800000041723251,
    "rainbow": true,
    "scanline_intensity": 0.3199999928474426,
    "shader_toggle": true,
    "splitPos": 0.3203410506248474,
    "static_intensity": 0.032999999821186066,
    "theme": "default",
    "themes": {
        "default": {
            "background": [
                0.2,
                0.2,
                0.2,
                1.0
            ],
            "comment": [
                0.3135313391685486,
                0.29490572214126587,
                0.29490572214126587,
                0.8999999761581421
            ],
            "function": [
                0.24045409262180328,
                0.594059407711029,
                0.07646310329437256,
                1.0
            ],
            "keyword": [
                0.0,
                0.5786033272743225,
                0.9643363952636719,
                1.0
            ],
            "number": [
                0.6439791321754456,
                0.3536583185195923,
                0.7698838710784912,
                1.0
            ],
            "string": [
                0.08516374975442886,
                0.6660587787628174,
                0.6660587787628174,
                1.0
            ],
            "text": [
                0.680115282535553,
                0.680115282535553,
                0.680115282535553,
                1.0
            ],
            "type": [
                0.8052805066108704,
                0.547405481338501,
                0.06112690269947052,
                1.0
            ],
            "variable": [
                0.4803886413574219,
                0.4917491674423218,
                0.4808385670185089,
                1.0
            ]
        }
    },
    "treesitter": true,
    "vignet_intensity": 0.28999999165534973
}
