{
    "agent_model": "anthropic/claude-3-5-haiku-20241022",
    "agent_pane_visible": true,
    "agent_split_pos": 0.21298927068710327,
    "ai_autocomplete": true,
    "backgroundColor": [
        0.738095223903656,
        0.6903166770935059,
        0.5469813346862793,
        0.0
    ],
    "bloom_intensity": 0.17000000178813934,
    "burnin_intensity": 0.9100000262260437,
    "colorshift_intensity": 0.5899999737739563,
    "completion_model": "meta-llama/llama-4-scout",
    "curvature_intensity": 0.05000000074505806,
    "font": "IBM_MDA",
    "fontSize": 25.0,
    "fps_target": 60.0,
    "fps_target_unfocused": 30.0,
    "fps_toggle": true,
    "git_changed_lines": true,
    "jitter_intensity": 2.0299999713897705,
    "lsp_autocomplete": false,
    "mac_background_opacity": 0.6000000238418579,
    "mac_blur_enabled": true,
    "pixel_width": 5000.0,
    "pixelation_intensity": 0.0820000022649765,
    "rainbow": true,
    "scanline_intensity": 0.029999999329447746,
    "shader_toggle": true,
    "sidebar_visible": true,
    "splitPos": 0.3203410506248474,
    "static_intensity": 0.39500001072883606,
    "theme": "default",
    "themes": {
        "default": {
            "background": [
                0.2,
                0.2,
                0.2,
                1.0
            ],
            "comment": [
                0.3135313391685486,
                0.29490572214126587,
                0.29490572214126587,
                0.8999999761581421
            ],
            "function": [
                0.1529553383588791,
                0.33663368225097656,
                0.06777112931013107,
                1.0
            ],
            "keyword": [
                0.07940398156642914,
                0.35255447030067444,
                0.5346534252166748,
                1.0
            ],
            "number": [
                0.6439791321754456,
                0.3536583185195923,
                0.7698838710784912,
                1.0
            ],
            "string": [
                0.08905445784330368,
                0.24092411994934082,
                0.24092411994934082,
                1.0
            ],
            "text": [
                0.21782177686691284,
                0.21710290014743805,
                0.21710290014743805,
                1.0
            ],
            "type": [
                0.4884488582611084,
                0.3476744294166565,
                0.08221416920423508,
                1.0
            ],
            "variable": [
                0.11221122741699219,
                0.11221122741699219,
                0.11221122741699219,
                1.0
            ]
        }
    },
    "treesitter": true,
    "vignet_intensity": 0.12999999523162842
}
