{
    "agent_model": "anthropic/claude-3-5-haiku-20241022",
    "agent_pane_visible": true,
    "agent_split_pos": 0.3156166970729828,
    "ai_autocomplete": true,
    "backgroundColor": [
        0.024845873937010765,
        0.15129363536834717,
        0.163690447807312,
        0.0
    ],
    "bloom_intensity": 1.0,
    "burnin_intensity": 0.9110000133514404,
    "colorshift_intensity": 0.8199999928474426,
    "completion_model": "meta-llama/llama-4-scout",
    "curvature_intensity": 0.03999999910593033,
    "font": "VT323-Regular",
    "fontSize": 25.0,
    "fps_target": 60.0,
    "fps_target_unfocused": 30.0,
    "fps_toggle": true,
    "git_changed_lines": true,
    "jitter_intensity": 1.9900000095367432,
    "lsp_autocomplete": false,
    "mac_background_opacity": 0.5899999737739563,
    "mac_blur_enabled": true,
    "pixel_width": 5000.0,
    "pixelation_intensity": -0.17000000178813934,
    "rainbow": true,
    "scanline_intensity": 0.14000000059604645,
    "shader_toggle": true,
    "sidebar_visible": true,
    "splitPos": 0.18892794847488403,
    "static_intensity": 0.4000000059604645,
    "theme": "default",
    "themes": {
        "default": {
            "background": [
                0.2,
                0.2,
                0.2,
                1.0
            ],
            "comment": [
                0.3135313391685486,
                0.29490572214126587,
                0.29490572214126587,
                0.8999999761581421
            ],
            "function": [
                0.24045409262180328,
                0.594059407711029,
                0.07646310329437256,
                1.0
            ],
            "keyword": [
                0.0,
                0.5786033272743225,
                0.9643363952636719,
                1.0
            ],
            "number": [
                0.6439791321754456,
                0.3536583185195923,
                0.7698838710784912,
                1.0
            ],
            "string": [
                0.08516374975442886,
                0.6660587787628174,
                0.6660587787628174,
                1.0
            ],
            "text": [
                0.7552631497383118,
                0.7433379888534546,
                0.7433379888534546,
                1.0
            ],
            "type": [
                0.8052805066108704,
                0.547405481338501,
                0.06112690269947052,
                1.0
            ],
            "variable": [
                0.5717658996582031,
                0.5763157606124878,
                0.5719460844993591,
                1.0
            ]
        }
    },
    "treesitter": true,
    "vignet_intensity": 0.2800000011920929
}
