{
    "agent_model": "deepseek/deepseek-chat-v3-0324",
    "agent_pane_visible": false,
    "agent_split_pos": 0.6684258580207825,
    "ai_autocomplete": true,
    "backgroundColor": [
        0.01769770123064518,
        0.1607142686843872,
        0.14028331637382507,
        0.0
    ],
    "bloom_intensity": 1.0,
    "burnin_intensity": 0.9049999713897705,
    "colorshift_intensity": 0.0,
    "completion_model": "meta-llama/llama-4-scout",
    "curvature_intensity": 0.0,
    "font": "JetBrainsMonoNL-Regular",
    "fontSize": 25.0,
    "fps_target": 60.0,
    "fps_target_unfocused": 30.0,
    "fps_toggle": true,
    "git_changed_lines": true,
    "jitter_intensity": 0.0,
    "lsp_autocomplete": false,
    "mac_background_opacity": 0.6600000262260437,
    "mac_blur_enabled": true,
    "pixel_width": 5000.0,
    "pixelation_intensity": -0.026000000536441803,
    "rainbow": true,
    "scanline_intensity": 0.20999999344348907,
    "shader_toggle": true,
    "sidebar_visible": true,
    "splitPos": 0.2015235424041748,
    "static_intensity": 0.4000000059604645,
    "theme": "default",
    "themes": {
        "default": {
            "background": [
                0.2,
                0.2,
                0.2,
                1.0
            ],
            "comment": [
                0.3135313391685486,
                0.29490572214126587,
                0.29490572214126587,
                0.8999999761581421
            ],
            "function": [
                0.24045409262180328,
                0.594059407711029,
                0.07646310329437256,
                1.0
            ],
            "keyword": [
                0.0,
                0.5786033272743225,
                0.9643363952636719,
                1.0
            ],
            "number": [
                0.6439791321754456,
                0.3536583185195923,
                0.7698838710784912,
                1.0
            ],
            "string": [
                0.08516374975442886,
                0.6660587787628174,
                0.6660587787628174,
                1.0
            ],
            "text": [
                0.7552631497383118,
                0.7433379888534546,
                0.7433379888534546,
                1.0
            ],
            "type": [
                0.8052805066108704,
                0.547405481338501,
                0.06112690269947052,
                1.0
            ],
            "variable": [
                0.5717658996582031,
                0.5763157606124878,
                0.5719460844993591,
                1.0
            ]
        }
    },
    "treesitter": true,
    "vignet_intensity": 0.2800000011920929
}
